study_id,head_model,mean,P95,P99,volume_pct_above_75pct_of_P95,top1_region_name,top1_region_value_P95,top2_region_name,top2_region_value_P95,top3_region_name,top3_region_value_P95
abdelrahman2021,smoker_m,7.286385482070612,20.661555914493643,38.606870667889346,8.9490295801308,Left Middle Frontal Gyrus,64.43845058409588,Left Frontal Pole,53.12356120290848,"Left Inferior Frontal Gyrus, pars triangularis",45.39979449555779
addicott2024,smoker_m,6.685064531121983,19.583361014499467,34.714995258467255,9.263848404492851,Right Frontal Pole,49.55078059526921,Left Frontal Pole,47.59203111959755,Left Superior Frontal Gyrus,33.285575619184236
amiaz2009,smoker_m,9.10798185258826,25.826944893117037,48.25858833486221,8.9490295801308,Left Middle Frontal Gyrus,80.5480632301198,Left Frontal Pole,66.40445150363549,"Left Inferior Frontal Gyrus, pars triangularis",56.74974311944701
bellini2024,smoker_m,19.465099360564476,45.307296241239314,61.751941361055906,14.025081416321616,"Right Inferior Frontal Gyrus, pars triangularis",74.69820099506828,"Left Inferior Frontal Gyrus, pars opercularis",68.20134409338387,"Left Inferior Frontal Gyrus, pars triangularis",67.96706797863898
demina,smoker_m,8.862304872261163,26.495473423560586,50.80336059908817,8.530158872310416,Left Middle Frontal Gyrus,88.26772182260038,Left Frontal Pole,75.34629836480309,"Left Inferior Frontal Gyrus, pars triangularis",57.895260082085
dieler2014,smoker_m,5.467344359080703,17.528441564223662,34.87444738346868,8.35567646855466,Right Frontal Pole,53.729406454572946,Right Middle Frontal Gyrus,48.99787661544613,"Right Inferior Frontal Gyrus, pars triangularis",38.75402727488367
dinurklein2014_high,smoker_m,19.465099360564476,45.307296241239314,61.751941361055906,14.025081416321616,"Right Inferior Frontal Gyrus, pars triangularis",74.69820099506828,"Left Inferior Frontal Gyrus, pars opercularis",68.20134409338387,"Left Inferior Frontal Gyrus, pars triangularis",67.96706797863898
dinurklein2014_low,smoker_m,19.465099360564476,45.307296241239314,61.751941361055906,14.025081416321616,"Right Inferior Frontal Gyrus, pars triangularis",74.69820099506828,"Left Inferior Frontal Gyrus, pars opercularis",68.20134409338387,"Left Inferior Frontal Gyrus, pars triangularis",67.96706797863898
du2024,smoker_m,7.522194919890898,20.987002374099635,36.05440186534032,9.481302204637576,Right Frontal Pole,48.983177063189345,Left Frontal Pole,48.49455580816099,Left Superior Frontal Gyrus,35.027660926256544
li2026_high,smoker_m,7.188707688512377,21.435117796085713,42.15777562585053,8.548418327678077,Left Middle Frontal Gyrus,74.6546614433267,Left Frontal Pole,60.731803543590374,"Left Inferior Frontal Gyrus, pars triangularis",47.68450044276452
li2026_high_MNI,smoker_m,7.277261878128437,20.811450025167822,41.35643385281718,9.21639373819634,Left Middle Frontal Gyrus,68.87496039330563,Left Frontal Pole,56.17399335909471,Left Superior Frontal Gyrus,53.042169388518346
li2026_low,smoker_m,6.077331391929079,17.803055467726754,31.559086598606644,9.263848404492851,Right Frontal Pole,45.04616417751713,Left Frontal Pole,43.265482835997254,Left Superior Frontal Gyrus,30.2596141992586
li2026_low_MNI,smoker_m,6.234627676987796,19.11650237340411,37.64675107919121,8.862954776367399,Left Frontal Pole,58.9817849540724,Left Middle Frontal Gyrus,40.64908658943879,Left Superior Frontal Gyrus,37.024176518431325
mikellides2022,smoker_m,7.188707688512377,21.435117796085713,42.15777562585053,8.548418327678077,Left Middle Frontal Gyrus,74.6546614433267,Left Frontal Pole,60.731803543590374,"Left Inferior Frontal Gyrus, pars triangularis",47.68450044276452
mousa2025,smoker_m,7.286385482070612,20.661555914493643,38.606870667889346,8.9490295801308,Left Middle Frontal Gyrus,64.43845058409588,Left Frontal Pole,53.12356120290848,"Left Inferior Frontal Gyrus, pars triangularis",45.39979449555779
nawara2021,smoker_m,9.10798185258826,25.826944893117037,48.25858833486221,8.9490295801308,Left Middle Frontal Gyrus,80.5480632301198,Left Frontal Pole,66.40445150363549,"Left Inferior Frontal Gyrus, pars triangularis",56.74974311944701
sheffer2018,smoker_m,10.018780037847085,28.40963938242875,53.084447168347374,8.9490295801308,Left Middle Frontal Gyrus,88.60286955313187,Left Frontal Pole,73.04489665399937,"Left Inferior Frontal Gyrus, pars triangularis",62.42471743139208
trojak2015,smoker_m,8.884779833558694,26.71747060363273,51.202592575984966,8.570613592957653,Right Frontal Pole,79.11368192507032,Right Middle Frontal Gyrus,69.55383371327787,"Right Inferior Frontal Gyrus, pars triangularis",60.73364038355251
zangen2021,smoker_m,19.465099360564476,45.307296241239314,61.751941361055906,14.025081416321616,"Right Inferior Frontal Gyrus, pars triangularis",74.69820099506828,"Left Inferior Frontal Gyrus, pars opercularis",68.20134409338387,"Left Inferior Frontal Gyrus, pars triangularis",67.96706797863898
zaremehrjardi2025,smoker_m,8.197183667329423,23.244250403805314,43.432729501375356,8.9490295801308,Left Middle Frontal Gyrus,72.4932569071078,Left Frontal Pole,59.76400635327201,"Left Inferior Frontal Gyrus, pars triangularis",51.07476880750248
